Date,Trip,Site,Survey,Block,Treatment,Side,Placement,Amphipods,Coleoptera,Orthoptera,Hemiptera,Dermaptera,Arachnid,Diptera,Hymenoptera,Spiribolida,Collembola,Unknown_arthropod,Homoptera,Polydesmida,Gastropoda,Neuroptera,Mammal,Isopoda,Lepidoptera,Empicoris,Odonata,Total,No._per_trap
8/1/22,1,Dune,Aerial  ,1,Control,1,Lo,0,0,0,0,0,0,8,0,0,0,0,0,0,0,0,0,0,0,0,0,8,13
8/1/22,1,Dune,Aerial  ,1,Control,2,Lo,0,0,0,0,0,0,5,0,0,0,0,0,0,0,0,0,0,0,0,0,5,
8/1/22,1,Dune,Aerial  ,1,Control,1,Hi,0,0,0,0,0,0,4,1,0,0,0,0,0,0,0,0,0,0,0,0,5,12
8/1/22,1,Dune,Aerial  ,1,Control,2,Hi,0,1,0,0,0,0,6,0,0,0,0,0,0,0,0,0,0,0,0,0,7,
8/1/22,1,Dune,Aerial  ,2,Control,1,Lo,0,0,0,0,0,0,10,0,0,0,0,0,0,0,0,0,0,0,0,0,10,20
8/1/22,1,Dune,Aerial  ,2,Control,2,Lo,1,0,0,0,0,1,7,1,0,0,0,0,0,0,0,0,0,0,0,0,10,
8/1/22,1,Dune,Aerial  ,2,Control,1,Hi,0,0,0,0,0,1,11,0,0,0,0,0,0,0,0,0,0,0,0,0,12,21
8/1/22,1,Dune,Aerial  ,2,Control,2,Hi,1,0,0,0,0,0,8,0,0,0,0,0,0,0,0,0,0,0,0,0,9,
8/1/22,1,Dune,Aerial  ,3,Control,1,Lo,0,0,0,0,0,0,8,6,0,0,0,0,0,0,0,0,0,0,0,0,14,31
8/1/22,1,Dune,Aerial  ,3,Control,2,Lo,0,0,0,0,0,0,13,4,0,0,0,0,0,0,0,0,0,0,0,0,17,
8/1/22,1,Dune,Aerial  ,3,Control,1,Hi,0,0,0,0,0,0,25,0,0,0,0,0,0,0,1,0,0,0,0,0,26,30
8/1/22,1,Dune,Aerial  ,3,Control,2,Hi,1,0,0,0,0,0,3,0,0,0,0,0,0,0,0,0,0,0,0,0,4,
8/1/22,1,Dune,Aerial  ,4,Control,1,Lo,0,0,0,0,0,0,11,0,0,0,0,0,0,0,0,0,0,0,0,0,11,13
8/1/22,1,Dune,Aerial  ,4,Control,2,Lo,0,0,0,0,0,0,2,0,0,0,0,0,0,0,0,0,0,0,0,0,2,
8/1/22,1,Dune,Aerial  ,4,Control,1,Hi,0,0,0,1,0,0,12,0,0,0,0,0,0,0,0,0,0,0,0,0,13,17
8/1/22,1,Dune,Aerial  ,4,Control,2,Hi,0,0,0,0,0,0,4,0,0,0,0,0,0,0,0,0,0,0,0,0,4,
8/1/22,1,Dune,Aerial  ,5,Control,1,Lo,2,0,0,0,0,0,8,1,0,0,0,0,0,0,0,0,0,0,0,0,11,11
8/1/22,1,Dune,Aerial  ,5,Control,2,Lo,0,0,0,0,0,0,0,0,0,0,0,0,0,0,0,0,0,0,0,0,0,
8/1/22,1,Dune,Aerial  ,5,Control,1,Hi,9,0,0,0,0,0,42,4,0,0,0,0,0,0,0,0,0,0,0,0,55,83
8/1/22,1,Dune,Aerial  ,5,Control,2,Hi,4,0,0,0,0,0,20,4,0,0,0,0,0,0,0,0,0,0,0,0,28,
11/9/22,2,Dune,Aerial  ,1,Control,1,Lo,0,0,0,0,0,0,43,0,0,0,0,0,0,0,0,0,0,0,0,0,43,73
11/9/22,2,Dune,Aerial  ,1,Control,2,Lo,0,0,0,0,0,0,30,0,0,0,0,0,0,0,0,0,0,0,0,0,30,
11/9/22,2,Dune,Aerial  ,1,Control,1,Hi,0,0,0,0,0,0,92,0,0,0,0,0,0,0,0,0,0,0,0,0,92,121
11/9/22,2,Dune,Aerial  ,1,Control,2,Hi,0,1,0,0,0,1,27,0,0,0,0,0,0,0,0,0,0,0,0,0,29,
11/9/22,2,Dune,Aerial  ,2,Control,1,Lo,0,0,0,0,0,0,18,0,0,0,0,0,0,0,0,0,0,0,0,0,18,54
11/9/22,2,Dune,Aerial  ,2,Control,2,Lo,0,0,0,0,0,0,36,0,0,0,0,0,0,0,0,0,0,0,0,0,36,
11/9/22,2,Dune,Aerial  ,2,Control,1,Hi,0,0,0,0,0,0,128,0,0,0,0,0,0,0,0,0,0,0,0,0,128,168
11/9/22,2,Dune,Aerial  ,2,Control,2,Hi,0,0,0,0,0,0,40,0,0,0,0,0,0,0,0,0,0,0,0,0,40,
11/9/22,2,Dune,Aerial  ,3,Control,1,Lo,0,0,0,0,0,0,11,0,0,0,0,0,0,0,0,0,0,0,0,0,11,34
11/9/22,2,Dune,Aerial  ,3,Control,2,Lo,0,0,0,0,0,0,23,0,0,0,0,0,0,0,0,0,0,0,0,0,23,
11/9/22,2,Dune,Aerial  ,3,Control,1,Hi,0,0,0,0,0,0,64,0,0,0,0,0,0,0,0,0,0,0,0,0,64,94
11/9/22,2,Dune,Aerial  ,3,Control,2,Hi,0,0,0,0,0,0,30,0,0,0,0,0,0,0,0,0,0,0,0,0,30,
11/9/22,2,Dune,Aerial  ,4,Control,1,Lo,0,0,0,0,0,0,37,0,0,0,0,0,0,0,0,0,0,0,0,0,37,56
11/9/22,2,Dune,Aerial  ,4,Control,2,Lo,0,0,0,0,0,0,19,0,0,0,0,0,0,0,0,0,0,0,0,0,19,
11/9/22,2,Dune,Aerial  ,4,Control,1,Hi,0,0,0,0,0,0,60,0,0,0,0,0,0,0,0,0,0,0,0,0,60,128
11/9/22,2,Dune,Aerial  ,4,Control,2,Hi,0,0,0,0,0,0,68,0,0,0,0,0,0,0,0,0,0,0,0,0,68,
11/9/22,2,Dune,Aerial  ,5,Control,1,Lo,0,0,0,0,0,0,21,0,0,0,0,0,0,0,0,0,0,0,0,0,21,43
11/9/22,2,Dune,Aerial  ,5,Control,2,Lo,0,0,0,0,0,0,22,0,0,0,0,0,0,0,0,0,0,0,0,0,22,
11/9/22,2,Dune,Aerial  ,5,Control,1,Hi,0,0,0,0,0,0,141,1,0,0,0,0,0,0,0,0,0,0,0,0,142,213
11/9/22,2,Dune,Aerial  ,5,Control,2,Hi,0,2,0,0,0,0,69,0,0,0,0,0,0,0,0,0,0,0,0,0,71,
3/17/23,3,Dune,Aerial  ,1,Control,1,Lo,0,0,0,0,0,0,19,0,0,0,0,0,0,0,0,0,0,0,0,0,19,38
3/17/23,3,Dune,Aerial  ,1,Control,2,Lo,0,0,0,1,0,0,18,0,0,0,0,0,0,0,0,0,0,0,0,0,19,
3/17/23,3,Dune,Aerial  ,1,Control,1,Hi,0,0,0,0,0,0,6,0,0,0,0,0,0,0,0,0,0,0,0,0,6,19
3/17/23,3,Dune,Aerial  ,1,Control,2,Hi,0,0,0,0,0,0,13,0,0,0,0,0,0,0,0,0,0,0,0,0,13,
3/17/23,3,Dune,Aerial  ,2,Control,1,Lo,0,1,0,0,0,0,34,3,0,0,0,0,0,0,0,0,0,0,0,0,38,51
3/17/23,3,Dune,Aerial  ,2,Control,2,Lo,0,0,0,0,0,0,13,0,0,0,0,0,0,0,0,0,0,0,0,0,13,
3/17/23,3,Dune,Aerial  ,2,Control,1,Hi,0,0,0,1,0,0,31,0,0,0,0,0,0,0,0,0,0,0,0,0,32,51
3/17/23,3,Dune,Aerial  ,2,Control,2,Hi,0,0,0,0,0,0,19,0,0,0,0,0,0,0,0,0,0,0,0,0,19,
3/17/23,3,Dune,Aerial  ,3,Control,1,Lo,0,0,0,0,0,0,11,2,0,0,0,0,0,0,0,0,0,0,0,0,13,27
3/17/23,3,Dune,Aerial  ,3,Control,2,Lo,0,1,0,1,0,1,11,0,0,0,0,0,0,0,0,0,0,0,0,0,14,
3/17/23,3,Dune,Aerial  ,3,Control,1,Hi,0,0,0,0,0,0,33,0,0,0,0,0,0,0,0,0,0,0,0,0,33,45
3/17/23,3,Dune,Aerial  ,3,Control,2,Hi,0,0,0,0,0,0,12,0,0,0,0,0,0,0,0,0,0,0,0,0,12,
3/17/23,3,Dune,Aerial  ,4,Control,1,Lo,0,1,0,0,0,2,35,0,0,0,0,0,0,0,0,0,0,0,0,0,38,66
3/17/23,3,Dune,Aerial  ,4,Control,2,Lo,0,0,0,0,0,0,27,0,0,0,0,0,0,0,1,0,0,0,0,0,28,
3/17/23,3,Dune,Aerial  ,4,Control,1,Hi,0,0,0,0,0,0,9,1,0,0,0,0,0,0,0,0,0,0,0,0,10,27
3/17/23,3,Dune,Aerial  ,4,Control,2,Hi,0,3,0,0,0,0,14,0,0,0,0,0,0,0,0,0,0,0,0,0,17,
3/17/23,3,Dune,Aerial  ,5,Control,1,Lo,0,0,0,1,0,0,86,4,0,0,0,0,0,0,0,0,0,0,0,0,91,145
3/17/23,3,Dune,Aerial  ,5,Control,2,Lo,0,0,0,1,0,0,50,3,0,0,0,0,0,0,0,0,0,0,0,0,54,
3/17/23,3,Dune,Aerial  ,5,Control,1,Hi,0,1,0,0,0,0,24,5,0,0,0,0,0,0,0,0,0,0,0,0,30,66
3/17/23,3,Dune,Aerial  ,5,Control,2,Hi,0,0,0,0,0,0,36,0,0,0,0,0,0,0,0,0,0,0,0,0,36,
8/3/22,1,Jungle,Aerial  ,1,Control,1,Lo,0,0,0,0,0,0,0,1,0,0,0,0,0,0,0,0,0,0,0,0,1,1
8/3/22,1,Jungle,Aerial  ,1,Control,2,Lo,0,0,0,0,0,0,0,0,0,0,0,0,0,0,0,0,0,0,0,0,0,
8/3/22,1,Jungle,Aerial  ,1,Control,1,Hi,0,0,0,0,0,0,3,0,0,0,0,0,0,0,0,0,0,0,0,0,3,7
8/3/22,1,Jungle,Aerial  ,1,Control,2,Hi,0,0,0,0,0,1,2,1,0,0,0,0,0,0,0,0,0,0,0,0,4,
8/3/22,1,Jungle,Aerial  ,2,Control,1,Lo,0,2,1,0,0,0,1,1,0,0,0,0,0,0,0,0,0,0,0,0,5,11
8/3/22,1,Jungle,Aerial  ,2,Control,2,Lo,0,1,0,1,0,0,3,1,0,0,0,0,0,0,0,0,0,0,0,0,6,
8/3/22,1,Jungle,Aerial  ,2,Control,1,Hi,0,0,0,0,0,0,0,1,0,0,0,0,0,0,0,0,0,0,0,0,1,2
8/3/22,1,Jungle,Aerial  ,2,Control,2,Hi,0,1,0,0,0,0,0,0,0,0,0,0,0,0,0,0,0,0,0,0,1,
8/3/22,1,Jungle,Aerial  ,3,Control,1,Lo,0,3,1,0,0,1,0,0,0,0,0,0,0,0,0,0,0,0,0,0,5,11
8/3/22,1,Jungle,Aerial  ,3,Control,2,Lo,0,2,0,1,0,1,2,0,0,0,0,0,0,0,0,0,0,0,0,0,6,
8/3/22,1,Jungle,Aerial  ,3,Control,1,Hi,0,2,1,2,0,0,2,2,0,0,0,0,0,0,0,0,0,0,0,0,9,16
8/3/22,1,Jungle,Aerial  ,3,Control,2,Hi,0,0,0,2,0,0,4,0,0,0,0,0,0,0,0,0,0,1,0,0,7,
8/3/22,1,Jungle,Aerial  ,4,Control,1,Lo,0,0,0,0,0,0,3,0,0,0,0,0,0,0,0,0,0,0,0,0,3,3
8/3/22,1,Jungle,Aerial  ,4,Control,2,Lo,0,0,0,0,0,0,0,0,0,0,0,0,0,0,0,0,0,0,0,0,0,
8/3/22,1,Jungle,Aerial  ,4,Control,1,Hi,0,0,0,0,0,0,2,0,0,0,0,0,0,0,0,0,0,0,0,0,2,10
8/3/22,1,Jungle,Aerial  ,4,Control,2,Hi,0,0,0,0,0,0,8,0,0,0,0,0,0,0,0,0,0,0,0,0,8,
8/3/22,1,Jungle,Aerial  ,5,Control,1,Lo,0,0,0,0,0,0,14,2,0,0,0,0,0,0,0,0,0,0,0,0,16,34
8/3/22,1,Jungle,Aerial  ,5,Control,2,Lo,0,0,0,0,0,1,13,4,0,0,0,0,0,0,0,0,0,0,0,0,18,
8/3/22,1,Jungle,Aerial  ,5,Control,1,Hi,0,1,0,0,0,0,1,5,0,0,0,0,0,0,0,0,0,0,0,0,7,13
8/3/22,1,Jungle,Aerial  ,5,Control,2,Hi,0,0,0,0,0,1,2,3,0,0,0,0,0,0,0,0,0,0,0,0,6,
11/13/22,2,Jungle,Aerial  ,1,Control,1,Lo,0,0,0,0,0,0,4,0,0,0,0,0,0,0,0,0,0,0,0,0,4,8
11/13/22,2,Jungle,Aerial  ,1,Control,2,Lo,0,2,0,0,0,0,2,0,0,0,0,0,0,0,0,0,0,0,0,0,4,
11/13/22,2,Jungle,Aerial  ,1,Control,1,Hi,0,0,0,0,0,0,4,2,0,0,0,0,0,0,0,0,0,0,0,0,6,13
11/13/22,2,Jungle,Aerial  ,1,Control,2,Hi,0,0,0,3,0,1,0,3,0,0,0,0,0,0,0,0,0,0,0,0,7,
11/13/22,2,Jungle,Aerial  ,2,Control,1,Lo,0,0,0,0,0,0,1,0,0,0,0,0,0,0,0,0,0,0,0,0,1,3
11/13/22,2,Jungle,Aerial  ,2,Control,2,Lo,0,0,0,0,0,0,2,0,0,0,0,0,0,0,0,0,0,0,0,0,2,
11/13/22,2,Jungle,Aerial  ,2,Control,1,Hi,0,0,0,0,0,0,7,6,0,0,0,0,0,0,0,0,0,0,0,0,13,17
11/13/22,2,Jungle,Aerial  ,2,Control,2,Hi,0,0,0,0,0,0,1,3,0,0,0,0,0,0,0,0,0,0,0,0,4,
11/13/22,2,Jungle,Aerial  ,3,Control,1,Lo,0,0,0,0,0,0,4,1,0,0,0,0,0,0,0,1,0,0,0,0,6,11
11/13/22,2,Jungle,Aerial  ,3,Control,2,Lo,0,0,0,0,0,0,4,1,0,0,0,0,0,0,0,0,0,0,0,0,5,
11/13/22,2,Jungle,Aerial  ,3,Control,1,Hi,0,0,0,1,0,0,9,0,0,0,0,0,0,0,0,0,0,0,0,0,10,21
11/13/22,2,Jungle,Aerial  ,3,Control,2,Hi,0,0,0,0,0,0,10,1,0,0,0,0,0,0,0,0,0,0,0,0,11,
11/13/22,2,Jungle,Aerial  ,4,Control,1,Lo,0,0,0,1,0,1,8,1,0,0,0,0,0,0,0,0,0,0,0,0,11,19
11/13/22,2,Jungle,Aerial  ,4,Control,2,Lo,0,0,0,0,0,1,4,3,0,0,0,0,0,0,0,0,0,0,0,0,8,
11/13/22,2,Jungle,Aerial  ,4,Control,1,Hi,0,0,0,1,0,0,3,3,0,0,0,0,0,0,0,0,0,0,0,0,7,15
11/13/22,2,Jungle,Aerial  ,4,Control,2,Hi,0,0,0,0,0,0,3,5,0,0,0,0,0,0,0,0,0,0,0,0,8,
11/13/22,2,Jungle,Aerial  ,5,Control,1,Lo,0,1,0,2,0,1,2,1,0,0,0,0,0,0,0,0,0,0,0,0,7,17
11/13/22,2,Jungle,Aerial  ,5,Control,2,Lo,0,0,0,0,0,2,4,4,0,0,0,0,0,0,0,0,0,0,0,0,10,
11/13/22,2,Jungle,Aerial  ,5,Control,1,Hi,0,3,0,0,0,0,2,5,0,0,0,0,0,0,0,0,0,0,0,1,11,23
11/13/22,2,Jungle,Aerial  ,5,Control,2,Hi,0,0,0,2,0,0,4,6,0,0,0,0,0,0,0,0,0,0,0,0,12,
3/17/23,3,Jungle,Aerial  ,1,Control,1,Lo,0,3,0,0,0,0,2,3,0,0,0,0,0,0,0,0,0,0,0,0,8,14
3/17/23,3,Jungle,Aerial  ,1,Control,2,Lo,0,1,0,0,0,0,3,2,0,0,0,0,0,0,0,0,0,0,0,0,6,
3/17/23,3,Jungle,Aerial  ,1,Control,1,Hi,0,3,0,0,0,0,2,1,0,0,0,0,0,0,0,0,0,3,0,0,9,19
3/17/23,3,Jungle,Aerial  ,1,Control,2,Hi,0,0,0,1,0,0,6,3,0,0,0,0,0,0,0,0,0,0,0,0,10,
3/17/23,3,Jungle,Aerial  ,2,Control,1,Lo,0,3,0,0,0,0,1,2,0,0,0,0,0,0,0,0,0,0,2,1,9,15
3/17/23,3,Jungle,Aerial  ,2,Control,2,Lo,0,2,0,0,0,0,2,0,0,0,0,0,0,0,0,0,0,0,2,0,6,
3/17/23,3,Jungle,Aerial  ,2,Control,1,Hi,0,4,0,0,0,0,1,0,0,0,0,0,0,0,0,0,0,0,0,0,5,15
3/17/23,3,Jungle,Aerial  ,2,Control,2,Hi,0,4,0,0,0,0,4,2,0,0,0,0,0,0,0,0,0,0,0,0,10,
3/17/23,3,Jungle,Aerial  ,3,Control,1,Lo,0,0,0,1,0,0,3,1,0,0,0,0,0,0,0,0,0,0,0,0,5,11
3/17/23,3,Jungle,Aerial  ,3,Control,2,Lo,0,0,0,1,0,0,2,0,0,0,0,0,0,0,0,0,0,1,2,0,6,
3/17/23,3,Jungle,Aerial  ,3,Control,1,Hi,0,4,0,1,0,0,1,1,0,0,0,0,0,0,0,0,0,0,0,0,7,17
3/17/23,3,Jungle,Aerial  ,3,Control,2,Hi,0,2,0,0,0,2,0,5,0,0,0,0,0,0,0,0,0,0,0,1,10,
3/17/23,3,Jungle,Aerial  ,4,Control,1,Lo,0,6,0,5,0,0,1,1,0,0,0,0,0,0,0,0,0,0,0,0,13,33
3/17/23,3,Jungle,Aerial  ,4,Control,2,Lo,0,5,0,4,0,0,4,7,0,0,0,0,0,0,0,0,0,0,0,0,20,
3/17/23,3,Jungle,Aerial  ,4,Control,1,Hi,0,2,0,4,0,0,0,2,0,0,0,0,0,0,0,0,0,0,0,0,8,20
3/17/23,3,Jungle,Aerial  ,4,Control,2,Hi,0,2,0,1,0,0,0,9,0,0,0,0,0,0,0,0,0,0,0,0,12,
3/17/23,3,Jungle,Aerial  ,5,Control,1,Lo,0,0,0,0,0,0,3,8,0,0,0,0,0,0,0,0,0,1,0,0,12,17
3/17/23,3,Jungle,Aerial  ,5,Control,2,Lo,0,1,0,0,0,0,1,3,0,0,0,0,0,0,0,0,0,0,0,0,5,
3/17/23,3,Jungle,Aerial  ,5,Control,1,Hi,0,3,1,0,0,0,1,0,0,0,0,0,0,0,0,0,0,0,0,0,5,19
3/17/23,3,Jungle,Aerial  ,5,Control,2,Hi,0,5,0,0,0,0,5,3,0,0,0,0,0,0,0,0,0,0,0,1,14,
8/1/22,1,Dune,Aerial  ,1,Sargassum,1,Lo,16,0,0,0,0,0,87,0,0,0,0,0,0,0,0,0,0,0,0,0,103,135
8/1/22,1,Dune,Aerial  ,1,Sargassum,2,Lo,2,0,0,0,0,0,30,0,0,0,0,0,0,0,0,0,0,0,0,0,32,
8/1/22,1,Dune,Aerial  ,1,Sargassum,1,Hi,0,0,0,0,0,0,66,2,0,0,0,0,0,0,0,0,0,0,0,0,68,343
8/1/22,1,Dune,Aerial  ,1,Sargassum,2,Hi,7,1,0,0,0,1,264,2,0,0,0,0,0,0,0,0,0,0,0,0,275,
8/1/22,1,Dune,Aerial  ,2,Sargassum,1,Lo,47,0,0,0,0,0,263,0,0,0,0,0,0,0,0,0,0,0,0,0,310,351
8/1/22,1,Dune,Aerial  ,2,Sargassum,2,Lo,13,0,0,0,0,0,27,1,0,0,0,0,0,0,0,0,0,0,0,0,41,
8/1/22,1,Dune,Aerial  ,2,Sargassum,1,Hi,39,1,0,0,0,1,303,0,0,0,0,0,0,0,0,0,0,0,0,0,344,663
8/1/22,1,Dune,Aerial  ,2,Sargassum,2,Hi,24,0,0,0,0,2,292,0,0,0,0,0,0,0,0,0,0,1,0,0,319,
8/1/22,1,Dune,Aerial  ,3,Sargassum,1,Lo,10,0,0,0,0,0,38,2,0,0,0,0,0,0,0,0,0,0,0,0,50,59
8/1/22,1,Dune,Aerial  ,3,Sargassum,2,Lo,7,0,0,0,0,0,2,0,0,0,0,0,0,0,0,0,0,0,0,0,9,
8/1/22,1,Dune,Aerial  ,3,Sargassum,1,Hi,7,0,0,0,0,0,181,2,0,0,0,0,0,0,0,0,0,1,0,0,191,435
8/1/22,1,Dune,Aerial  ,3,Sargassum,2,Hi,12,0,0,0,0,0,232,0,0,0,0,0,0,0,0,0,0,0,0,0,244,
8/1/22,1,Dune,Aerial  ,4,Sargassum,1,Lo,10,0,0,0,0,0,57,1,0,0,0,0,0,0,0,0,0,0,0,0,68,85
8/1/22,1,Dune,Aerial  ,4,Sargassum,2,Lo,1,0,0,0,0,0,14,2,0,0,0,0,0,0,0,0,0,0,0,0,17,
8/1/22,1,Dune,Aerial  ,4,Sargassum,1,Hi,1,1,0,0,0,0,93,0,0,0,0,0,0,0,0,0,0,0,0,0,95,318
8/1/22,1,Dune,Aerial  ,4,Sargassum,2,Hi,3,1,0,0,0,0,219,0,0,0,0,0,0,0,0,0,0,0,0,0,223,
8/1/22,1,Dune,Aerial  ,5,Sargassum,1,Lo,144,0,0,0,0,0,612,0,0,0,0,0,0,0,0,0,0,0,0,0,756,814
8/1/22,1,Dune,Aerial  ,5,Sargassum,2,Lo,21,0,0,0,0,0,37,0,0,0,0,0,0,0,0,0,0,0,0,0,58,
8/1/22,1,Dune,Aerial  ,5,Sargassum,1,Hi,29,0,0,0,0,0,723,2,0,0,0,0,0,0,0,0,0,0,0,0,754,1716
8/1/22,1,Dune,Aerial  ,5,Sargassum,2,Hi,27,0,0,0,0,0,935,0,0,0,0,0,0,0,0,0,0,0,0,0,962,
11/9/22,2,Dune,Aerial  ,1,Sargassum,1,Lo,0,5,0,0,0,0,282,5,0,0,0,0,0,0,0,0,0,0,0,0,292,313
11/9/22,2,Dune,Aerial  ,1,Sargassum,2,Lo,0,0,0,0,0,0,21,0,0,0,0,0,0,0,0,0,0,0,0,0,21,
11/9/22,2,Dune,Aerial  ,1,Sargassum,1,Hi,0,0,0,0,0,0,306,15,0,0,0,0,0,0,0,0,0,0,0,0,321,359
11/9/22,2,Dune,Aerial  ,1,Sargassum,2,Hi,0,0,0,0,0,0,15,23,0,0,0,0,0,0,0,0,0,0,0,0,38,
11/9/22,2,Dune,Aerial  ,2,Sargassum,1,Lo,0,1,0,0,0,0,39,0,0,0,0,0,0,0,0,0,0,0,0,0,40,107
11/9/22,2,Dune,Aerial  ,2,Sargassum,2,Lo,0,3,0,0,0,0,64,0,0,0,0,0,0,0,0,0,0,0,0,0,67,
11/9/22,2,Dune,Aerial  ,2,Sargassum,1,Hi,0,0,0,0,0,0,154,0,0,0,0,0,0,0,0,0,0,0,0,0,154,232
11/9/22,2,Dune,Aerial  ,2,Sargassum,2,Hi,0,0,0,0,0,0,73,5,0,0,0,0,0,0,0,0,0,0,0,0,78,
11/9/22,2,Dune,Aerial  ,3,Sargassum,1,Lo,0,3,0,0,0,0,32,0,0,0,0,0,0,0,0,0,0,0,0,0,35,45
11/9/22,2,Dune,Aerial  ,3,Sargassum,2,Lo,0,2,0,0,0,0,7,0,0,0,0,0,0,0,1,0,0,0,0,0,10,
11/9/22,2,Dune,Aerial  ,3,Sargassum,1,Hi,0,0,0,0,0,0,152,0,0,0,0,0,0,0,0,0,0,0,0,0,152,191
11/9/22,2,Dune,Aerial  ,3,Sargassum,2,Hi,0,0,0,0,0,1,38,0,0,0,0,0,0,0,0,0,0,0,0,0,39,
11/9/22,2,Dune,Aerial  ,4,Sargassum,1,Lo,0,0,0,0,0,0,48,0,0,0,0,0,0,0,0,0,0,0,0,0,48,71
11/9/22,2,Dune,Aerial  ,4,Sargassum,2,Lo,0,0,0,0,0,0,23,0,0,0,0,0,0,0,0,0,0,0,0,0,23,
11/9/22,2,Dune,Aerial  ,4,Sargassum,1,Hi,0,0,0,0,0,0,329,0,0,0,0,0,0,0,0,0,0,0,0,0,329,432
11/9/22,2,Dune,Aerial  ,4,Sargassum,2,Hi,0,1,0,1,0,1,100,0,0,0,0,0,0,0,0,0,0,0,0,0,103,
11/9/22,2,Dune,Aerial  ,5,Sargassum,1,Lo,0,1,0,0,0,0,20,0,0,0,0,0,0,0,0,0,0,0,0,0,21,31
11/9/22,2,Dune,Aerial  ,5,Sargassum,2,Lo,0,0,0,0,0,0,9,1,0,0,0,0,0,0,0,0,0,0,0,0,10,
11/9/22,2,Dune,Aerial  ,5,Sargassum,1,Hi,0,0,0,0,0,0,135,0,0,0,0,0,0,0,0,0,0,0,0,0,135,219
11/9/22,2,Dune,Aerial  ,5,Sargassum,2,Hi,0,2,0,0,0,3,79,0,0,0,0,0,0,0,0,0,0,0,0,0,84,
3/17/23,3,Dune,Aerial  ,1,Sargassum,1,Lo,0,0,0,0,0,0,9,10,0,0,0,0,0,0,0,0,0,0,0,0,19,46
3/17/23,3,Dune,Aerial  ,1,Sargassum,2,Lo,0,0,0,0,0,0,12,14,0,0,0,0,0,0,0,0,0,1,0,0,27,
3/17/23,3,Dune,Aerial  ,1,Sargassum,1,Hi,0,0,0,1,0,0,2,44,0,0,0,0,0,0,0,0,0,1,0,0,48,93
3/17/23,3,Dune,Aerial  ,1,Sargassum,2,Hi,0,0,0,1,0,0,4,40,0,0,0,0,0,0,0,0,0,0,0,0,45,
3/17/23,3,Dune,Aerial  ,2,Sargassum,1,Lo,0,4,0,0,0,0,6,5,0,0,0,0,0,0,0,0,0,0,0,0,15,33
3/17/23,3,Dune,Aerial  ,2,Sargassum,2,Lo,0,0,0,4,0,0,12,2,0,0,0,0,0,0,0,0,0,0,0,0,18,
3/17/23,3,Dune,Aerial  ,2,Sargassum,1,Hi,0,2,0,0,0,1,5,0,0,0,0,0,0,0,0,0,0,1,0,0,9,17
3/17/23,3,Dune,Aerial  ,2,Sargassum,2,Hi,0,0,0,0,0,0,4,4,0,0,0,0,0,0,0,0,0,0,0,0,8,
3/17/23,3,Dune,Aerial  ,3,Sargassum,1,Lo,0,0,0,3,0,0,18,0,0,0,0,0,0,0,0,0,0,0,0,0,21,32
3/17/23,3,Dune,Aerial  ,3,Sargassum,2,Lo,0,0,0,2,0,0,7,2,0,0,0,0,0,0,0,0,0,0,0,0,11,
3/17/23,3,Dune,Aerial  ,3,Sargassum,1,Hi,0,0,0,3,0,0,10,0,0,0,0,0,0,0,0,0,0,0,0,0,13,18
3/17/23,3,Dune,Aerial  ,3,Sargassum,2,Hi,0,2,0,1,0,0,1,1,0,0,0,0,0,0,0,0,0,0,0,0,5,
3/17/23,3,Dune,Aerial  ,4,Sargassum,1,Lo,0,0,0,0,0,0,29,2,0,0,0,0,0,0,0,0,0,0,0,0,31,50
3/17/23,3,Dune,Aerial  ,4,Sargassum,2,Lo,0,0,0,0,0,0,18,1,0,0,0,0,0,0,0,0,0,0,0,0,19,
3/17/23,3,Dune,Aerial  ,4,Sargassum,1,Hi,0,2,0,2,0,0,20,7,0,0,0,0,0,0,0,0,0,0,0,0,31,59
3/17/23,3,Dune,Aerial  ,4,Sargassum,2,Hi,0,1,0,1,0,0,17,9,0,0,0,0,0,0,0,0,0,0,0,0,28,
3/17/23,3,Dune,Aerial  ,5,Sargassum,1,Lo,0,0,0,0,0,0,28,0,0,0,0,0,0,0,0,0,0,0,0,0,28,36
3/17/23,3,Dune,Aerial  ,5,Sargassum,2,Lo,0,0,0,0,0,0,8,0,0,0,0,0,0,0,0,0,0,0,0,0,8,
3/17/23,3,Dune,Aerial  ,5,Sargassum,1,Hi,0,0,0,0,0,0,27,4,0,0,0,0,0,0,0,0,0,0,0,0,31,71
3/17/23,3,Dune,Aerial  ,5,Sargassum,2,Hi,0,0,0,3,0,1,21,15,0,0,0,0,0,0,0,0,0,0,0,0,40,
8/3/22,1,Jungle,Aerial  ,1,Sargassum,1,Lo,0,1,0,0,0,1,4,0,0,0,0,0,0,0,0,0,0,0,0,0,6,19
8/3/22,1,Jungle,Aerial  ,1,Sargassum,2,Lo,0,0,0,2,0,1,10,0,0,0,0,0,0,0,0,0,0,0,0,0,13,
8/3/22,1,Jungle,Aerial  ,1,Sargassum,1,Hi,0,0,0,1,0,1,4,0,0,0,0,0,0,0,0,0,0,0,0,0,6,10
8/3/22,1,Jungle,Aerial  ,1,Sargassum,2,Hi,0,0,0,0,0,0,3,0,0,0,0,0,0,0,0,0,0,0,0,1,4,
8/3/22,1,Jungle,Aerial  ,2,Sargassum,1,Lo,0,1,0,1,0,0,0,1,0,0,2,0,0,0,0,0,0,0,0,0,5,15
8/3/22,1,Jungle,Aerial  ,2,Sargassum,2,Lo,0,2,0,1,0,0,4,3,0,0,0,0,0,0,0,0,0,0,0,0,10,
8/3/22,1,Jungle,Aerial  ,2,Sargassum,1,Hi,0,1,0,1,0,0,4,0,0,0,0,0,0,0,0,0,0,0,0,0,6,8
8/3/22,1,Jungle,Aerial  ,2,Sargassum,2,Hi,0,0,0,0,0,0,2,0,0,0,0,0,0,0,0,0,0,0,0,0,2,
8/3/22,1,Jungle,Aerial  ,3,Sargassum,1,Lo,0,0,0,0,0,0,6,0,0,0,0,0,0,0,0,0,0,0,0,0,6,13
8/3/22,1,Jungle,Aerial  ,3,Sargassum,2,Lo,0,0,0,1,0,1,3,2,0,0,0,0,0,0,0,0,0,0,0,0,7,
8/3/22,1,Jungle,Aerial  ,3,Sargassum,1,Hi,0,1,0,1,0,0,3,1,0,0,0,0,0,0,0,0,0,0,0,1,7,8
8/3/22,1,Jungle,Aerial  ,3,Sargassum,2,Hi,1,0,0,0,0,0,0,0,0,0,0,0,0,0,0,0,0,0,0,0,1,
8/3/22,1,Jungle,Aerial  ,4,Sargassum,1,Lo,0,0,0,0,0,0,6,0,0,0,0,0,0,0,0,0,0,0,0,0,6,11
8/3/22,1,Jungle,Aerial  ,4,Sargassum,2,Lo,0,0,0,1,0,1,3,0,0,0,0,0,0,0,0,0,0,0,0,0,5,
8/3/22,1,Jungle,Aerial  ,4,Sargassum,1,Hi,0,3,0,2,0,0,4,2,0,0,0,0,0,0,0,0,0,0,0,0,11,21
8/3/22,1,Jungle,Aerial  ,4,Sargassum,2,Hi,0,2,0,0,0,0,8,0,0,0,0,0,0,0,0,0,0,0,0,0,10,
8/3/22,1,Jungle,Aerial  ,5,Sargassum,1,Lo,0,1,0,0,0,0,9,0,0,0,0,0,0,0,0,0,0,0,0,0,10,20
8/3/22,1,Jungle,Aerial  ,5,Sargassum,2,Lo,0,2,0,0,0,0,4,4,0,0,0,0,0,0,0,0,0,0,0,0,10,
8/3/22,1,Jungle,Aerial  ,5,Sargassum,1,Hi,0,2,0,0,0,0,1,2,0,0,0,0,0,0,0,0,0,0,0,0,5,11
8/3/22,1,Jungle,Aerial  ,5,Sargassum,2,Hi,0,0,0,0,0,0,4,2,0,0,0,0,0,0,0,0,0,0,0,0,6,
11/13/22,2,Jungle,Aerial  ,1,Sargassum,1,Lo,0,1,0,0,0,4,16,2,0,0,0,0,0,0,0,0,0,0,0,0,23,55
11/13/22,2,Jungle,Aerial  ,1,Sargassum,2,Lo,0,3,0,5,0,0,21,3,0,0,0,0,0,0,0,0,0,0,0,0,32,
11/13/22,2,Jungle,Aerial  ,1,Sargassum,1,Hi,0,1,0,0,0,1,28,0,0,0,0,0,0,0,0,0,0,0,0,0,30,64
11/13/22,2,Jungle,Aerial  ,1,Sargassum,2,Hi,0,1,0,1,0,0,28,4,0,0,0,0,0,0,0,0,0,0,0,0,34,
11/13/22,2,Jungle,Aerial  ,2,Sargassum,1,Lo,0,0,0,0,0,1,14,0,0,0,0,0,0,0,0,0,0,0,0,0,15,30
11/13/22,2,Jungle,Aerial  ,2,Sargassum,2,Lo,0,0,0,0,0,0,15,0,0,0,0,0,0,0,0,0,0,0,0,0,15,
11/13/22,2,Jungle,Aerial  ,2,Sargassum,1,Hi,0,1,0,0,0,0,12,8,0,0,0,0,0,0,0,0,0,0,0,0,21,37
11/13/22,2,Jungle,Aerial  ,2,Sargassum,2,Hi,0,3,0,0,0,0,10,3,0,0,0,0,0,0,0,0,0,0,0,0,16,
11/13/22,2,Jungle,Aerial  ,3,Sargassum,1,Lo,0,1,0,0,0,0,4,4,0,0,0,0,0,0,0,0,0,0,0,0,9,28
11/13/22,2,Jungle,Aerial  ,3,Sargassum,2,Lo,0,4,0,0,0,0,10,5,0,0,0,0,0,0,0,0,0,0,0,0,19,
11/13/22,2,Jungle,Aerial  ,3,Sargassum,1,Hi,0,3,0,2,0,0,12,8,0,0,0,0,0,0,0,0,0,1,0,0,26,34
11/13/22,2,Jungle,Aerial  ,3,Sargassum,2,Hi,0,0,0,0,0,0,8,0,0,0,0,0,0,0,0,0,0,0,0,0,8,
11/13/22,2,Jungle,Aerial  ,4,Sargassum,1,Lo,0,2,0,0,1,0,12,2,0,0,0,0,0,0,0,0,0,0,0,0,17,37
11/13/22,2,Jungle,Aerial  ,4,Sargassum,2,Lo,0,1,0,0,0,0,18,1,0,0,0,0,0,0,0,0,0,0,0,0,20,
11/13/22,2,Jungle,Aerial  ,4,Sargassum,1,Hi,0,4,0,2,0,2,3,17,0,0,0,0,0,0,0,0,0,0,0,0,28,81
11/13/22,2,Jungle,Aerial  ,4,Sargassum,2,Hi,0,3,0,0,0,0,12,38,0,0,0,0,0,0,0,0,0,0,0,0,53,
11/13/22,2,Jungle,Aerial  ,5,Sargassum,1,Lo,0,3,0,0,0,1,25,2,0,0,0,0,0,0,0,0,0,0,0,0,31,66
11/13/22,2,Jungle,Aerial  ,5,Sargassum,2,Lo,0,0,0,0,0,0,21,14,0,0,0,0,0,0,0,0,0,0,0,0,35,
11/13/22,2,Jungle,Aerial  ,5,Sargassum,1,Hi,0,0,0,0,0,0,9,22,0,0,0,0,0,0,0,0,0,0,0,0,31,75
11/13/22,2,Jungle,Aerial  ,5,Sargassum,2,Hi,0,1,0,0,0,2,21,20,0,0,0,0,0,0,0,0,0,0,0,0,44,
3/17/23,3,Jungle,Aerial  ,1,Sargassum,1,Lo,0,3,0,4,0,0,0,3,0,0,0,0,0,0,0,0,0,0,0,1,11,14
3/17/23,3,Jungle,Aerial  ,1,Sargassum,2,Lo,0,0,0,0,0,0,0,2,0,0,1,0,0,0,0,0,0,0,0,0,3,
3/17/23,3,Jungle,Aerial  ,1,Sargassum,1,Hi,0,6,0,2,0,0,2,0,0,0,0,0,0,0,0,0,0,1,0,0,11,27
3/17/23,3,Jungle,Aerial  ,1,Sargassum,2,Hi,0,5,0,2,0,0,0,6,0,0,0,0,0,0,0,0,0,2,0,1,16,
3/17/23,3,Jungle,Aerial  ,2,Sargassum,1,Lo,0,2,0,1,0,0,0,4,0,0,0,0,0,0,0,0,0,0,0,0,7,17
3/17/23,3,Jungle,Aerial  ,2,Sargassum,2,Lo,0,4,0,1,0,0,0,4,0,0,0,0,0,0,1,0,0,0,0,0,10,
3/17/23,3,Jungle,Aerial  ,2,Sargassum,1,Hi,0,0,0,0,0,0,3,6,0,0,0,0,0,0,0,0,0,0,3,0,12,20
3/17/23,3,Jungle,Aerial  ,2,Sargassum,2,Hi,0,1,1,0,0,0,4,2,0,0,0,0,0,0,0,0,0,0,0,0,8,
3/17/23,3,Jungle,Aerial  ,3,Sargassum,1,Lo,0,4,0,1,0,1,1,4,0,0,0,0,0,0,0,0,0,0,0,1,12,12
3/17/23,3,Jungle,Aerial  ,3,Sargassum,2,Lo,0,0,0,0,0,0,0,0,0,0,0,0,0,0,0,0,0,0,0,0,0,
3/17/23,3,Jungle,Aerial  ,3,Sargassum,1,Hi,0,2,0,0,0,0,1,0,0,0,0,0,0,0,0,0,0,0,0,1,4,13
3/17/23,3,Jungle,Aerial  ,3,Sargassum,2,Hi,0,3,0,0,0,0,2,3,0,0,0,0,0,0,0,0,0,0,0,1,9,
3/17/23,3,Jungle,Aerial  ,4,Sargassum,1,Lo,0,0,0,0,0,2,2,1,0,0,0,0,0,0,0,0,0,0,0,0,5,20
3/17/23,3,Jungle,Aerial  ,4,Sargassum,2,Lo,0,0,0,0,0,0,2,11,0,0,0,0,0,0,0,0,0,2,0,0,15,
3/17/23,3,Jungle,Aerial  ,4,Sargassum,1,Hi,0,1,0,1,0,0,0,7,0,0,0,0,0,0,0,0,0,0,0,0,9,34
3/17/23,3,Jungle,Aerial  ,4,Sargassum,2,Hi,0,5,0,1,0,0,1,18,0,0,0,0,0,0,0,0,0,0,0,0,25,
3/17/23,3,Jungle,Aerial  ,5,Sargassum,1,Lo,0,0,0,4,0,0,0,23,0,0,0,0,0,0,0,0,0,0,0,0,27,42
3/17/23,3,Jungle,Aerial  ,5,Sargassum,2,Lo,0,2,0,0,0,0,10,2,0,0,1,0,0,0,0,0,0,0,0,0,15,
3/17/23,3,Jungle,Aerial  ,5,Sargassum,1,Hi,0,0,0,0,0,0,12,7,0,0,0,0,0,0,0,0,0,0,0,0,19,51
3/17/23,3,Jungle,Aerial  ,5,Sargassum,2,Hi,0,5,0,1,0,0,17,9,0,0,0,0,0,0,0,0,0,0,0,0,32,